{
  "name": "PorousPromptBO Ridge Surrogate (demo)",
  "note": "Trained on synthetic porous-material simulator shipped with this repo. Intended for demonstrating feasibility-aware active learning.",
  "feature_names": [
    "aromatic_sum",
    "flex_avg",
    "mw_sum",
    "temperature_C",
    "temperature_C2",
    "concentration_M",
    "conc_high",
    "solvent_dioxane",
    "solvent_mesitylene",
    "solvent_dmf",
    "solvent_ethanol",
    "solvent_thf",
    "catalyst_acetic_acid",
    "catalyst_tfa",
    "catalyst_none"
  ],
  "scaler": {
    "mean": [
      4.458333333333333,
      0.2809958333333333,
      854.4439166666667,
      70.23993205466292,
      5663.943506352094,
      0.27141348493612194,
      0.06614086499650082,
      0.20416666666666666,
      0.20416666666666666,
      0.225,
      0.20208333333333334,
      0.16458333333333333,
      0.3333333333333333,
      0.325,
      0.3416666666666667
    ],
    "scale": [
      1.675290190451261,
      0.1215014531091661,
      128.57780430894644,
      27.02397919086731,
      3940.4013942985644,
      0.12712924896439004,
      0.08033169441814228,
      0.4030913530316533,
      0.4030913530316532,
      0.4175823272122517,
      0.40155405579102577,
      0.37080407187923686,
      0.47140452079103173,
      0.4683748498798799,
      0.4742684425044065
    ]
  },
  "targets": [
    "yield_pct",
    "surface_area_m2_g",
    "crystallinity_score"
  ],
  "models": {
    "yield_pct": {
      "coef": [
        -3.3366233611979506,
        -2.350768163887571,
        4.770767928693167,
        107.39659540250935,
        -102.08771276040183,
        -0.8178321780444953,
        -1.1241700091570297,
        0.3698322155164675,
        0.30807816571325825,
        0.056812877996153845,
        -0.4073419117051257,
        -0.35979666889428263,
        0.518641672002541,
        2.942902118331409,
        -3.42184134826667
      ],
      "intercept": 63.8153862445046
    },
    "surface_area_m2_g": {
      "coef": [
        385.5666830760006,
        -38.73213708955702,
        -32.76880008061014,
        180.3311435883757,
        -86.67299092716736,
        -21.731605164318363,
        -29.175654117113524,
        11.38852721517908,
        -1.9065206304606213,
        -4.21108400477262,
        -4.5772899162933,
        -0.6084379637989553,
        2.4419963981702266,
        -4.915594451940466,
        2.4272596877075787
      ],
      "intercept": 1764.9281034898893
    },
    "crystallinity_score": {
      "coef": [
        0.09155411257564218,
        -0.048485552219914685,
        -0.003317805965191702,
        0.12785573632317457,
        -0.015512731424699888,
        0.006397169994599079,
        -0.055901030462511776,
        0.003954237696192158,
        -0.0023079967228034756,
        -0.000272783387026441,
        -0.0021863690103465726,
        0.0008852906120987419,
        0.000958392258952177,
        0.00031919503573238546,
        -0.001267833396906033
      ],
      "intercept": 0.619011518729977
    }
  },
  "r2_test": {
    "yield_pct": 0.8630660953801232,
    "surface_area_m2_g": 0.921523841003075,
    "crystallinity_score": 0.9123779857779969
  },
  "solvents": [
    "dioxane",
    "mesitylene",
    "dmf",
    "ethanol",
    "thf"
  ],
  "catalysts": [
    "acetic_acid",
    "tfa",
    "none"
  ],
  "input_ranges": {
    "temperature_C": {
      "min": 25.0,
      "max": 120.0
    },
    "concentration_M": {
      "min": 0.05,
      "max": 0.5
    }
  },
  "output_ranges": {
    "yield_pct": {
      "min": 0.0,
      "max": 100.0
    },
    "surface_area_m2_g": {
      "min": 701.9872921020421,
      "max": 2500.0
    },
    "crystallinity_score": {
      "min": 0.13725271301002456,
      "max": 0.9580029736327403
    }
  },
  "units": {
    "yield_pct": "%",
    "surface_area_m2_g": "m\u00b2/g",
    "crystallinity_score": "0\u20131"
  }
}